{"val_acc":0.403704,"test_loss":1.50175204983464,"val_loss":1.503614,"epoch":20,"lr":0.001,"test_acc":0.3592592592592593,"_runtime":90,"curves_image":{"width":1484,"height":658,"_type":"image-file","sha256":"a8587193befbdde6c84c0cbd3ca15d773eee823884e92a9845d55b43e9aafec1","size":84331,"path":"media/images/curves_image_20_a8587193befbdde6c84c.png","format":"png"},"train_loss":1.533862,"_wandb":{"runtime":90},"best_val_acc":0.40370370370370373,"_timestamp":1.7762608263540378e+09,"_step":20,"confusion_matrix_image":{"format":"png","width":765,"height":734,"_type":"image-file","sha256":"6e0701c1b3b03cc0636f812703c3b1f234a505e31e03cb1b215759eb3c1988a7","size":49787,"path":"media/images/confusion_matrix_image_20_6e0701c1b3b03cc0636f.png"},"train_acc":0.365079,"best_val_loss":1.5036143859227498}