{"train_acc":0.451587,"curves_image":{"width":1484,"height":657,"_type":"image-file","sha256":"f20eb28048de88ea32f1933634803004a7a0c772f20a41550c3626341b173c3e","size":92416,"path":"media/images/curves_image_20_f20eb28048de88ea32f1.png","format":"png"},"train_loss":1.301884,"_wandb":{"runtime":71},"best_val_acc":0.45925925925925926,"_runtime":71,"_step":20,"confusion_matrix_image":{"width":765,"height":734,"_type":"image-file","sha256":"6db911e35f3e273a04ee3bed64d2cb7614b694abfce09124b7c26e0b3166a395","size":50733,"path":"media/images/confusion_matrix_image_20_6db911e35f3e273a04ee.png","format":"png"},"test_acc":0.4444444444444444,"lr":0.01,"val_loss":1.383823,"val_acc":0.444444,"best_val_loss":1.2905501277358444,"_timestamp":1.7762612146539595e+09,"epoch":20,"test_loss":1.2951447239628544}