{
  "best_val_loss": 1.2905501277358444,
  "best_val_acc": 0.45925925925925926,
  "test_loss": 1.2951447239628544,
  "test_acc": 0.4444444444444444,
  "class_names": [
    "Crazing",
    "Inclusion",
    "Patches",
    "Pitted_Surface",
    "Rolled-in_Scale",
    "Scratches"
  ],
  "classification_report": {
    "Crazing": {
      "precision": 0.0,
      "recall": 0.0,
      "f1-score": 0.0,
      "support": 45.0
    },
    "Inclusion": {
      "precision": 0.43333333333333335,
      "recall": 0.28888888888888886,
      "f1-score": 0.3466666666666667,
      "support": 45.0
    },
    "Patches": {
      "precision": 0.7358490566037735,
      "recall": 0.8666666666666667,
      "f1-score": 0.7959183673469388,
      "support": 45.0
    },
    "Pitted_Surface": {
      "precision": 0.35051546391752575,
      "recall": 0.7555555555555555,
      "f1-score": 0.4788732394366197,
      "support": 45.0
    },
    "Rolled-in_Scale": {
      "precision": 0.39215686274509803,
      "recall": 0.4444444444444444,
      "f1-score": 0.4166666666666667,
      "support": 45.0
    },
    "Scratches": {
      "precision": 0.358974358974359,
      "recall": 0.3111111111111111,
      "f1-score": 0.3333333333333333,
      "support": 45.0
    },
    "accuracy": 0.4444444444444444,
    "macro avg": {
      "precision": 0.3784715125956816,
      "recall": 0.44444444444444436,
      "f1-score": 0.39524304557503753,
      "support": 270.0
    },
    "weighted avg": {
      "precision": 0.3784715125956816,
      "recall": 0.4444444444444444,
      "f1-score": 0.3952430455750375,
      "support": 270.0
    }
  },
  "confusion_matrix": [
    [
      0,
      0,
      3,
      33,
      6,
      3
    ],
    [
      0,
      13,
      0,
      8,
      10,
      14
    ],
    [
      0,
      0,
      39,
      4,
      2,
      0
    ],
    [
      0,
      1,
      3,
      34,
      2,
      5
    ],
    [
      0,
      6,
      2,
      14,
      20,
      3
    ],
    [
      0,
      10,
      6,
      4,
      11,
      14
    ]
  ],
  "resolved_data_dir": "C:\\Code\\Deep Learning\\csc4005-lab1-neu-mlp-TrieuQuocAnh-1\\data\\NEU-CLS_extracted"
}