{
  "best_val_loss": 1.6416180460541336,
  "best_val_acc": 0.3888888888888889,
  "test_loss": 1.6239069249894884,
  "test_acc": 0.3962962962962963,
  "class_names": [
    "Crazing",
    "Inclusion",
    "Patches",
    "Pitted_Surface",
    "Rolled-in_Scale",
    "Scratches"
  ],
  "classification_report": {
    "Crazing": {
      "precision": 0.0,
      "recall": 0.0,
      "f1-score": 0.0,
      "support": 45.0
    },
    "Inclusion": {
      "precision": 0.4583333333333333,
      "recall": 0.4888888888888889,
      "f1-score": 0.4731182795698925,
      "support": 45.0
    },
    "Patches": {
      "precision": 0.675,
      "recall": 0.6,
      "f1-score": 0.6352941176470588,
      "support": 45.0
    },
    "Pitted_Surface": {
      "precision": 0.2923076923076923,
      "recall": 0.8444444444444444,
      "f1-score": 0.4342857142857143,
      "support": 45.0
    },
    "Rolled-in_Scale": {
      "precision": 0.5,
      "recall": 0.24444444444444444,
      "f1-score": 0.3283582089552239,
      "support": 45.0
    },
    "Scratches": {
      "precision": 0.3,
      "recall": 0.2,
      "f1-score": 0.24,
      "support": 45.0
    },
    "accuracy": 0.3962962962962963,
    "macro avg": {
      "precision": 0.37094017094017095,
      "recall": 0.3962962962962963,
      "f1-score": 0.35184272007631484,
      "support": 270.0
    },
    "weighted avg": {
      "precision": 0.37094017094017095,
      "recall": 0.3962962962962963,
      "f1-score": 0.3518427200763149,
      "support": 270.0
    }
  },
  "confusion_matrix": [
    [
      0,
      2,
      2,
      38,
      1,
      2
    ],
    [
      0,
      22,
      0,
      12,
      0,
      11
    ],
    [
      0,
      0,
      27,
      15,
      2,
      1
    ],
    [
      0,
      1,
      2,
      38,
      2,
      2
    ],
    [
      0,
      6,
      5,
      18,
      11,
      5
    ],
    [
      0,
      17,
      4,
      9,
      6,
      9
    ]
  ],
  "resolved_data_dir": "C:\\Code\\Deep Learning\\csc4005-lab1-neu-mlp-TrieuQuocAnh-1\\data\\NEU-CLS_extracted"
}