{"lr":0.0003,"epoch":20,"val_loss":1.641618,"train_acc":0.253175,"_runtime":73,"confusion_matrix_image":{"format":"png","width":765,"height":734,"_type":"image-file","sha256":"ff010254f27a5225056cb55c0cf882a470a775562af5fd11d574c959120b0634","size":48719,"path":"media/images/confusion_matrix_image_20_ff010254f27a5225056c.png"},"_timestamp":1.7762614822381957e+09,"val_acc":0.388889,"test_loss":1.6239069249894884,"train_loss":1.688002,"best_val_acc":0.3888888888888889,"best_val_loss":1.6416180460541336,"test_acc":0.3962962962962963,"_step":20,"curves_image":{"_type":"image-file","sha256":"53a655b98d1b4ce711a38381e86555343930a2284b5300852c631c355f2ad144","size":83596,"path":"media/images/curves_image_20_53a655b98d1b4ce711a3.png","format":"png","width":1484,"height":657},"_wandb":{"runtime":73}}